P1	P2	P3	Dstatistic	Z-score	p-value	f4-ratio	BBAA	ABBA	BABA
PopB	PopC	PopA	0.103195	3.01849	0.00254039	0.230121	4129.01	3617.98	2941.12
